name,game_internal_id
Feature 1,414
Feature 2,414
Feature 3,414
Feature 4,414
Feature 5,414
Feature 5,1584
Feature 6,1584
Feature 7,1584
Feature 8,1584
Feature 4,1584
Feature 1,1584
Feature 9,1456
Feature 10,1456
Feature 11,1456
Feature 4,1456
Feature 1,1456
Feature 9,724
Feature 12,724
Feature 13,724
Feature 1,724
Feature 14,724
Feature 9,1506
Feature 15,1506
Feature 16,1506
Feature 13,1506
Feature 14,1506
Feature 1,1506
Feature 17,1282
Feature 18,1282
Feature 19,1282
Feature 1,1282
Feature 9,485
Feature 20,485
Feature 13,485
Feature 21,485
Feature 14,485
Feature 1,485
Feature 22,109
Feature 2,109
Feature 23,109
Feature 4,109
Feature 1,109
Feature 1,1956
Feature 24,1956
Feature 4,1956
Feature 9,1956
Feature 25,1956
Feature 9,467
Feature 12,467
Feature 26,467
Feature 4,467
Feature 1,467
Feature 9,735
Feature 12,735
Feature 13,735
Feature 4,735
Feature 1,735
Feature 1,1959
Feature 6,1959
Feature 27,1959
Feature 28,1959
Feature 4,1959
Feature 1,1941
Feature 2,1941
Feature 24,1941
Feature 4,1941
Feature 9,1941
Feature 9,214
Feature 12,214
Feature 13,214
Feature 4,214
Feature 1,214
Feature 5,1494
Feature 18,1494
Feature 13,1494
Feature 4,1494
Feature 1,1494
Feature 9,258
Feature 12,258
Feature 26,258
Feature 4,258
Feature 1,258
Feature 9,1539
Feature 16,1539
Feature 29,1539
Feature 21,1539
Feature 28,1539
Feature 4,1539
Feature 1,1539
Feature 30,1296
Feature 31,1296
Feature 32,1296
Feature 5,93
Feature 12,93
Feature 8,93
Feature 4,93
Feature 1,93
Feature 9,643
Feature 33,643
Feature 24,643
Feature 14,643
Feature 1,643
Feature 27,199
Feature 13,199
Feature 14,199
Feature 12,199
Feature 1,199
Feature 9,1091
Feature 33,1091
Feature 24,1091
Feature 14,1091
Feature 1,1091
Feature 1,2554
Feature 9,2554
Feature 12,2554
Feature 26,2554
Feature 4,2554
Feature 34,1492
Feature 33,1492
Feature 15,1492
Feature 24,1492
Feature 14,1492
Feature 1,1492
Feature 9,1113
Feature 1,1113
Feature 35,1113
Feature 4,1113
Feature 33,1113
Feature 9,112
Feature 10,112
Feature 2,112
Feature 24,112
Feature 4,112
Feature 1,112
Feature 1,706
Feature 16,706
Feature 9,706
Feature 13,706
Feature 14,706
Feature 1,363
Feature 12,363
Feature 9,363
Feature 24,363
Feature 4,363
Feature 9,16
Feature 12,16
Feature 13,16
Feature 14,16
Feature 1,16
Feature 1,964
Feature 10,964
Feature 28,964
Feature 4,964
Feature 5,964
Feature 27,1012
Feature 12,1012
Feature 1,1012
Feature 9,95
Feature 1,95
Feature 7,95
Feature 13,95
Feature 4,95
Feature 5,1211
Feature 7,1211
Feature 8,1211
Feature 4,1211
Feature 1,1211
Feature 18,1211
Feature 9,408
Feature 36,408
Feature 13,408
Feature 4,408
Feature 1,408
Feature 1,383
Feature 37,383
Feature 38,383
Feature 13,383
Feature 14,383
Feature 9,383
Feature 39,22
Feature 40,22
Feature 41,22
Feature 42,22
Feature 9,1673
Feature 43,1673
Feature 24,1673
Feature 4,1673
Feature 1,1673
Feature 22,346
Feature 44,346
Feature 28,346
Feature 4,346
Feature 1,346
Feature 34,838
Feature 26,838
Feature 1,838
Feature 14,838
Feature 12,838
Feature 5,42
Feature 33,42
Feature 28,42
Feature 4,42
Feature 1,42
Feature 9,1465
Feature 13,1465
Feature 45,1465
Feature 14,1465
Feature 1,1465
Feature 1,845
Feature 33,845
Feature 15,845
Feature 24,845
Feature 14,845
Feature 9,845
Feature 1,617
Feature 43,617
Feature 9,617
Feature 13,617
Feature 4,617
Feature 1,1341
Feature 33,1341
Feature 8,1341
Feature 4,1341
Feature 5,1341
Feature 27,807
Feature 2,807
Feature 1,807
Feature 27,49
Feature 12,49
Feature 1,49
Feature 28,49
Feature 4,49
Feature 9,68
Feature 7,68
Feature 16,68
Feature 13,68
Feature 4,68
Feature 1,68
Feature 9,1223
Feature 46,1223
Feature 24,1223
Feature 4,1223
Feature 1,1223
Feature 1,412
Feature 25,412
Feature 5,412
Feature 13,412
Feature 4,412
Feature 9,946
Feature 47,946
Feature 24,946
Feature 4,946
Feature 1,946
Feature 5,886
Feature 12,886
Feature 8,886
Feature 4,886
Feature 1,886
Feature 5,1374
Feature 21,1374
Feature 8,1374
Feature 4,1374
Feature 1,1374
Feature 9,338
Feature 35,338
Feature 4,338
Feature 10,338
Feature 1,338
Feature 5,910
Feature 33,910
Feature 8,910
Feature 14,910
Feature 1,910
Feature 9,1620
Feature 6,1620
Feature 35,1620
Feature 14,1620
Feature 1,1620
Feature 25,1620
Feature 5,1199
Feature 48,1199
Feature 8,1199
Feature 4,1199
Feature 1,1199
Feature 9,1600
Feature 12,1600
Feature 26,1600
Feature 4,1600
Feature 1,1600
Feature 9,1125
Feature 49,1125
Feature 50,1125
Feature 35,1125
Feature 4,1125
Feature 1,1125
Feature 9,330
Feature 33,330
Feature 24,330
Feature 4,330
Feature 1,330
Feature 9,612
Feature 51,612
Feature 24,612
Feature 14,612
Feature 1,612
Feature 1,818
Feature 12,818
Feature 52,818
Feature 4,818
Feature 9,818
Feature 1,64
Feature 36,64
Feature 9,64
Feature 13,64
Feature 4,64
Feature 9,950
Feature 15,950
Feature 33,950
Feature 24,950
Feature 4,950
Feature 1,950
Feature 53,1500
Feature 49,1500
Feature 1,1500
Feature 5,131
Feature 2,131
Feature 48,131
Feature 54,131
Feature 3,131
Feature 14,131
Feature 1,131
Feature 9,625
Feature 13,625
Feature 50,625
Feature 10,625
Feature 14,625
Feature 1,625
Feature 27,1103
Feature 18,1103
Feature 1,1103
Feature 28,1103
Feature 4,1103
Feature 9,162
Feature 55,162
Feature 56,162
Feature 13,162
Feature 4,162
Feature 1,162
Feature 9,1203
Feature 18,1203
Feature 13,1203
Feature 4,1203
Feature 1,1203
Feature 9,741
Feature 57,741
Feature 13,741
Feature 4,741
Feature 1,741
Feature 6,741
Feature 9,1687
Feature 1,1687
Feature 12,1687
Feature 24,1687
Feature 4,1687
Feature 5,1127
Feature 38,1127
Feature 21,1127
Feature 58,1127
Feature 14,1127
Feature 1,1127
Feature 1,1356
Feature 25,1356
Feature 27,1356
Feature 59,1356
Feature 4,1356
Feature 60,1356
Feature 5,1071
Feature 12,1071
Feature 8,1071
Feature 4,1071
Feature 1,1071
Feature 61,33
Feature 1,33
Feature 13,33
Feature 4,33
Feature 34,33
Feature 1,1087
Feature 9,1087
Feature 12,1087
Feature 26,1087
Feature 4,1087
Feature 9,661
Feature 12,661
Feature 24,661
Feature 4,661
Feature 1,661
Feature 1,1388
Feature 12,1388
Feature 26,1388
Feature 4,1388
Feature 9,1388
Feature 9,1588
Feature 6,1588
Feature 13,1588
Feature 4,1588
Feature 1,1588
Feature 9,1409
Feature 7,1409
Feature 24,1409
Feature 1,1409
Feature 14,1409
Feature 9,1615
Feature 12,1615
Feature 26,1615
Feature 4,1615
Feature 1,1615
Feature 9,1411
Feature 15,1411
Feature 24,1411
Feature 1,1411
Feature 14,1411
Feature 27,249
Feature 12,249
Feature 1,249
Feature 62,1042
Feature 12,1042
Feature 26,1042
Feature 4,1042
Feature 1,1042
Feature 30,1150
Feature 31,1150
Feature 32,1150
Feature 1,1428
Feature 33,1428
Feature 13,1428
Feature 4,1428
Feature 9,1428
Feature 9,1547
Feature 12,1547
Feature 26,1547
Feature 4,1547
Feature 1,1547
Feature 1,1237
Feature 36,1237
Feature 5,1237
Feature 28,1237
Feature 4,1237
Feature 9,191
Feature 12,191
Feature 24,191
Feature 14,191
Feature 1,191
Feature 9,1186
Feature 50,1186
Feature 63,1186
Feature 13,1186
Feature 4,1186
Feature 1,1186
Feature 62,749
Feature 12,749
Feature 26,749
Feature 4,749
Feature 1,749
Feature 1,2342
Feature 16,2342
Feature 3,2342
Feature 5,2342
Feature 4,2342
Feature 5,1480
Feature 18,1480
Feature 13,1480
Feature 4,1480
Feature 1,1480
Feature 9,811
Feature 16,811
Feature 64,811
Feature 14,811
Feature 1,811
Feature 27,243
Feature 25,243
Feature 6,243
Feature 59,243
Feature 4,243
Feature 1,243
Feature 60,243
Feature 9,362
Feature 64,362
Feature 61,362
Feature 14,362
Feature 1,362
Feature 22,903
Feature 2,903
Feature 3,903
Feature 14,903
Feature 1,903
Feature 65,246
Feature 66,246
Feature 67,246
Feature 41,246
Feature 9,125
Feature 21,125
Feature 24,125
Feature 4,125
Feature 1,125
Feature 5,1183
Feature 12,1183
Feature 8,1183
Feature 4,1183
Feature 1,1183
Feature 1,1619
Feature 16,1619
Feature 9,1619
Feature 24,1619
Feature 4,1619
Feature 9,1431
Feature 12,1431
Feature 13,1431
Feature 1,1431
Feature 14,1431
Feature 1,657
Feature 9,657
Feature 12,657
Feature 26,657
Feature 4,657
Feature 22,1532
Feature 45,1532
Feature 28,1532
Feature 4,1532
Feature 1,1532
Feature 1,2241
Feature 62,2241
Feature 26,2241
Feature 4,2241
Feature 16,2241
Feature 1,1992
Feature 9,1992
Feature 46,1992
Feature 26,1992
Feature 4,1992
Feature 9,254
Feature 15,254
Feature 16,254
Feature 24,254
Feature 1,254
Feature 14,254
Feature 9,195
Feature 2,195
Feature 24,195
Feature 4,195
Feature 1,195
Feature 9,448
Feature 6,448
Feature 28,448
Feature 14,448
Feature 1,448
Feature 9,526
Feature 12,526
Feature 13,526
Feature 14,526
Feature 1,526
Feature 5,248
Feature 12,248
Feature 8,248
Feature 4,248
Feature 1,248
Feature 5,41
Feature 16,41
Feature 6,41
Feature 13,41
Feature 4,41
Feature 1,41
Feature 9,1362
Feature 10,1362
Feature 68,1362
Feature 69,1362
Feature 13,1362
Feature 14,1362
Feature 1,1362
Feature 22,1146
Feature 16,1146
Feature 28,1146
Feature 4,1146
Feature 1,1146
Feature 9,1358
Feature 12,1358
Feature 24,1358
Feature 4,1358
Feature 1,1358
Feature 9,1257
Feature 1,1257
Feature 51,1257
Feature 13,1257
Feature 4,1257
Feature 9,1212
Feature 20,1212
Feature 24,1212
Feature 14,1212
Feature 1,1212
Feature 9,817
Feature 16,817
Feature 7,817
Feature 1,817
Feature 24,817
Feature 14,817
Feature 1,813
Feature 9,813
Feature 12,813
Feature 13,813
Feature 4,813
Feature 2,1348
Feature 9,1348
Feature 24,1348
Feature 4,1348
Feature 1,1348
Feature 9,226
Feature 38,226
Feature 18,226
Feature 13,226
Feature 4,226
Feature 1,226
Feature 5,1434
Feature 6,1434
Feature 2,1434
Feature 8,1434
Feature 4,1434
Feature 1,1434
Feature 70,700
Feature 66,700
Feature 65,700
Feature 41,700
Feature 1,1319
Feature 12,1319
Feature 13,1319
Feature 4,1319
Feature 9,1319
Feature 9,305
Feature 12,305
Feature 24,305
Feature 14,305
Feature 1,305
Feature 9,1666
Feature 33,1666
Feature 71,1666
Feature 4,1666
Feature 1,1666
Feature 9,808
Feature 18,808
Feature 13,808
Feature 4,808
Feature 1,808
Feature 9,1560
Feature 11,1560
Feature 4,1560
Feature 36,1560
Feature 1,1560
Feature 9,858
Feature 16,858
Feature 24,858
Feature 14,858
Feature 1,858
Feature 27,170
Feature 12,170
Feature 1,170
Feature 9,627
Feature 15,627
Feature 13,627
Feature 4,627
Feature 1,627
Feature 9,30
Feature 2,30
Feature 72,30
Feature 7,30
Feature 24,30
Feature 4,30
Feature 12,1607
Feature 53,1607
Feature 1,1607
Feature 9,302
Feature 21,302
Feature 13,302
Feature 4,302
Feature 1,302
Feature 9,465
Feature 12,465
Feature 24,465
Feature 14,465
Feature 1,465
Feature 1,1355
Feature 38,1355
Feature 9,1355
Feature 71,1355
Feature 4,1355
Feature 5,1385
Feature 73,1385
Feature 28,1385
Feature 4,1385
Feature 1,1385
Feature 74,578
Feature 12,578
Feature 75,578
Feature 4,578
Feature 1,578
Feature 22,384
Feature 51,384
Feature 28,384
Feature 4,384
Feature 1,384
Feature 9,457
Feature 12,457
Feature 26,457
Feature 4,457
Feature 1,457
Feature 1,1485
Feature 24,1485
Feature 4,1485
Feature 9,1485
Feature 12,1485
Feature 27,367
Feature 2,367
Feature 1,367
Feature 5,556
Feature 10,556
Feature 72,556
Feature 8,556
Feature 4,556
Feature 1,556
Feature 9,401
Feature 7,401
Feature 21,401
Feature 13,401
Feature 14,401
Feature 1,401
Feature 9,1249
Feature 76,1249
Feature 71,1249
Feature 4,1249
Feature 1,1249
Feature 9,504
Feature 12,504
Feature 13,504
Feature 14,504
Feature 1,504
Feature 1,46
Feature 7,46
Feature 9,46
Feature 24,46
Feature 4,46
Feature 9,428
Feature 77,428
Feature 71,428
Feature 14,428
Feature 1,428
Feature 9,1426
Feature 2,1426
Feature 24,1426
Feature 4,1426
Feature 1,1426
Feature 9,443
Feature 33,443
Feature 64,443
Feature 14,443
Feature 1,443
Feature 27,656
Feature 49,656
Feature 1,656
Feature 59,656
Feature 4,656
Feature 60,656
Feature 51,294
Feature 1,294
Feature 9,294
Feature 13,294
Feature 14,294
Feature 9,666
Feature 16,666
Feature 13,666
Feature 4,666
Feature 1,666
Feature 9,882
Feature 61,882
Feature 13,882
Feature 4,882
Feature 1,882
Feature 9,955
Feature 6,955
Feature 24,955
Feature 4,955
Feature 1,955
Feature 5,126
Feature 2,126
Feature 7,126
Feature 3,126
Feature 14,126
Feature 1,126
Feature 5,786
Feature 12,786
Feature 78,786
Feature 4,786
Feature 1,786
Feature 9,1502
Feature 12,1502
Feature 13,1502
Feature 4,1502
Feature 1,1502
Feature 1,1370
Feature 10,1370
Feature 53,1370
Feature 5,156
Feature 79,156
Feature 28,156
Feature 4,156
Feature 1,156
Feature 62,1371
Feature 12,1371
Feature 26,1371
Feature 4,1371
Feature 1,1371
Feature 80,820
Feature 67,820
Feature 81,820
Feature 9,27
Feature 35,27
Feature 4,27
Feature 48,27
Feature 7,27
Feature 1,27
Feature 9,746
Feature 7,746
Feature 13,746
Feature 4,746
Feature 1,746
Feature 62,1360
Feature 12,1360
Feature 26,1360
Feature 4,1360
Feature 1,1360
Feature 5,750
Feature 18,750
Feature 8,750
Feature 4,750
Feature 1,750
Feature 53,681
Feature 13,681
Feature 4,681
Feature 55,681
Feature 1,681
Feature 34,225
Feature 12,225
Feature 26,225
Feature 4,225
Feature 1,225
Feature 5,1470
Feature 12,1470
Feature 82,1470
Feature 4,1470
Feature 1,1470
Feature 9,926
Feature 12,926
Feature 52,926
Feature 4,926
Feature 1,926
Feature 9,1149
Feature 49,1149
Feature 13,1149
Feature 4,1149
Feature 1,1149
Feature 5,1143
Feature 12,1143
Feature 8,1143
Feature 4,1143
Feature 1,1143
Feature 1,1201
Feature 48,1201
Feature 2,1201
Feature 5,1201
Feature 83,1201
Feature 4,1201
Feature 1,814
Feature 64,814
Feature 4,814
Feature 9,814
Feature 16,814
Feature 5,1636
Feature 48,1636
Feature 28,1636
Feature 4,1636
Feature 1,1636
Feature 9,1621
Feature 49,1621
Feature 50,1621
Feature 13,1621
Feature 14,1621
Feature 1,1621
Feature 9,164
Feature 15,164
Feature 33,164
Feature 24,164
Feature 14,164
Feature 1,164
Feature 5,306
Feature 43,306
Feature 72,306
Feature 8,306
Feature 4,306
Feature 1,306
Feature 9,456
Feature 6,456
Feature 25,456
Feature 24,456
Feature 4,456
Feature 1,456
Feature 1,1126
Feature 12,1126
Feature 35,1126
Feature 74,1126
Feature 4,1126
Feature 62,1414
Feature 1,1414
Feature 12,1414
Feature 26,1414
Feature 4,1414
Feature 9,1495
Feature 12,1495
Feature 13,1495
Feature 4,1495
Feature 1,1495
Feature 27,1198
Feature 12,1198
Feature 26,1198
Feature 4,1198
Feature 1,1198
Feature 1,1444
Feature 12,1444
Feature 24,1444
Feature 9,1444
Feature 4,1444
Feature 9,453
Feature 72,453
Feature 7,453
Feature 1,453
Feature 13,453
Feature 4,453
Feature 84,626
Feature 41,626
Feature 85,626
Feature 9,508
Feature 12,508
Feature 1,508
Feature 26,508
Feature 4,508
Feature 9,842
Feature 28,842
Feature 4,842
Feature 7,842
Feature 56,842
Feature 1,842
Feature 1,264
Feature 12,264
Feature 35,264
Feature 4,264
Feature 9,264
Feature 1,1590
Feature 9,1590
Feature 21,1590
Feature 13,1590
Feature 4,1590
Feature 70,972
Feature 66,972
Feature 65,972
Feature 41,972
Feature 9,628
Feature 12,628
Feature 13,628
Feature 4,628
Feature 1,628
Feature 9,1001
Feature 12,1001
Feature 24,1001
Feature 4,1001
Feature 1,1001
Feature 9,686
Feature 10,686
Feature 13,686
Feature 14,686
Feature 1,686
Feature 5,799
Feature 10,799
Feature 6,799
Feature 8,799
Feature 4,799
Feature 1,799
Feature 1,986
Feature 9,986
Feature 49,986
Feature 11,986
Feature 4,986
Feature 5,1489
Feature 10,1489
Feature 57,1489
Feature 82,1489
Feature 14,1489
Feature 1,1489
Feature 5,881
Feature 12,881
Feature 8,881
Feature 4,881
Feature 1,881
Feature 65,1562
Feature 66,1562
Feature 41,1562
Feature 67,1562
Feature 5,1628
Feature 21,1628
Feature 28,1628
Feature 4,1628
Feature 1,1628
Feature 22,752
Feature 16,752
Feature 28,752
Feature 4,752
Feature 1,752
Feature 17,406
Feature 12,406
Feature 19,406
Feature 4,406
Feature 1,406
Feature 5,697
Feature 20,697
Feature 8,697
Feature 14,697
Feature 1,697
Feature 9,824
Feature 49,824
Feature 13,824
Feature 4,824
Feature 1,824
Feature 1,353
Feature 16,353
Feature 37,353
Feature 3,353
Feature 5,353
Feature 4,353
Feature 5,1050
Feature 16,1050
Feature 28,1050
Feature 4,1050
Feature 1,1050
Feature 9,1479
Feature 2,1479
Feature 13,1479
Feature 14,1479
Feature 1,1479
Feature 9,61
Feature 25,61
Feature 6,61
Feature 24,61
Feature 4,61
Feature 1,61
Feature 1,1546
Feature 6,1546
Feature 25,1546
Feature 9,1546
Feature 13,1546
Feature 4,1546
Feature 9,98
Feature 48,98
Feature 38,98
Feature 24,98
Feature 1,98
Feature 14,98
Feature 1,758
Feature 55,758
Feature 56,758
Feature 8,758
Feature 4,758
Feature 27,758
Feature 9,711
Feature 10,711
Feature 38,711
Feature 24,711
Feature 14,711
Feature 1,711
Feature 9,981
Feature 12,981
Feature 13,981
Feature 4,981
Feature 1,981
Feature 27,1114
Feature 33,1114
Feature 82,1114
Feature 4,1114
Feature 1,1114
Feature 1,1017
Feature 44,1017
Feature 79,1017
Feature 59,1017
Feature 4,1017
Feature 27,1017
Feature 62,1108
Feature 12,1108
Feature 26,1108
Feature 4,1108
Feature 1,1108
Feature 9,1136
Feature 6,1136
Feature 24,1136
Feature 14,1136
Feature 1,1136
Feature 9,452
Feature 51,452
Feature 76,452
Feature 52,452
Feature 4,452
Feature 1,452
Feature 1,954
Feature 35,954
Feature 4,954
Feature 9,954
Feature 18,954
Feature 22,1525
Feature 18,1525
Feature 13,1525
Feature 4,1525
Feature 1,1525
Feature 9,1074
Feature 15,1074
Feature 43,1074
Feature 24,1074
Feature 14,1074
Feature 1,1074
Feature 9,773
Feature 18,773
Feature 24,773
Feature 14,773
Feature 1,773
Feature 9,797
Feature 15,797
Feature 33,797
Feature 24,797
Feature 4,797
Feature 1,797
Feature 74,1331
Feature 12,1331
Feature 86,1331
Feature 4,1331
Feature 1,1331
Feature 22,823
Feature 61,823
Feature 1,823
Feature 8,823
Feature 4,823
Feature 5,329
Feature 47,329
Feature 28,329
Feature 4,329
Feature 1,329
Feature 15,329
Feature 34,771
Feature 7,771
Feature 24,771
Feature 14,771
Feature 1,771
Feature 1,2112
Feature 87,2112
Feature 4,2112
Feature 27,2112
Feature 21,2112
Feature 60,2112
Feature 12,1690
Feature 1,1690
Feature 27,1690
Feature 53,1713
Feature 1,1713
Feature 10,1713
Feature 20,1713
Feature 59,1713
Feature 4,1713
Feature 60,1713
Feature 1,2151
Feature 55,2151
Feature 27,2151
Feature 60,2151
Feature 1,2143
Feature 16,2143
Feature 7,2143
Feature 87,2143
Feature 4,2143
Feature 27,2143
Feature 60,2143
Feature 1,2167
Feature 10,2167
Feature 59,2167
Feature 4,2167
Feature 27,2167
Feature 60,2167
Feature 1,719
Feature 61,719
Feature 59,719
Feature 4,719
Feature 27,719
Feature 60,719
Feature 1,866
Feature 18,866
Feature 88,866
Feature 24,866
Feature 4,866
Feature 9,866
Feature 1,2085
Feature 5,2085
Feature 12,2085
Feature 82,2085
Feature 4,2085
Feature 1,1347
Feature 12,1347
Feature 19,1347
Feature 17,1347
Feature 4,1347
Feature 1,1878
Feature 72,1878
Feature 27,1878
Feature 89,1878
Feature 4,1878
Feature 1,334
Feature 59,334
Feature 4,334
Feature 27,334
Feature 44,334
Feature 60,334
Feature 1,883
Feature 9,883
Feature 18,883
Feature 26,883
Feature 4,883
Feature 1,2662
Feature 13,2662
Feature 4,2662
Feature 9,2662
Feature 51,2662
Feature 1,1953
Feature 51,1953
Feature 27,1953
Feature 59,1953
Feature 4,1953
Feature 60,1953
Feature 1,1951
Feature 87,1951
Feature 4,1951
Feature 18,1951
Feature 27,1951
Feature 60,1951
Feature 1,2664
Feature 12,2664
Feature 5,2664
Feature 13,2664
Feature 4,2664
Feature 1,1016
Feature 22,1016
Feature 18,1016
Feature 13,1016
Feature 4,1016
Feature 1,1882
Feature 9,1882
Feature 33,1882
Feature 13,1882
Feature 4,1882
Feature 1,2665
Feature 5,2665
Feature 46,2665
Feature 13,2665
Feature 4,2665
Feature 1,1251
Feature 33,1251
Feature 15,1251
Feature 27,1251
Feature 1,190
Feature 59,190
Feature 27,190
Feature 20,190
Feature 60,190
Feature 1,2089
Feature 59,2089
Feature 4,2089
Feature 27,2089
Feature 12,2089
Feature 60,2089
Feature 1,2661
Feature 90,2661
Feature 4,2661
Feature 38,2661
Feature 27,2661
Feature 60,2661
Feature 1,2090
Feature 59,2090
Feature 4,2090
Feature 55,2090
Feature 27,2090
Feature 60,2090
Feature 1,2555
Feature 44,2555
Feature 7,2555
Feature 91,2555
Feature 4,2555
Feature 27,2555
Feature 60,2555
Feature 1,2092
Feature 28,2092
Feature 4,2092
Feature 2,2092
Feature 5,2092
Feature 53,1195
Feature 7,1195
Feature 33,1195
Feature 87,1195
Feature 4,1195
Feature 1,1195
Feature 60,1195
Feature 1,2164
Feature 36,2164
Feature 10,2164
Feature 27,2164
Feature 90,2164
Feature 4,2164
Feature 60,2164
Feature 84,44
Feature 41,44
Feature 67,44
Feature 5,538
Feature 12,538
Feature 8,538
Feature 4,538
Feature 1,538
Feature 1,1938
Feature 62,1938
Feature 12,1938
Feature 26,1938
Feature 4,1938
Feature 1,1311
Feature 92,1311
Feature 10,1311
Feature 9,1311
Feature 13,1311
Feature 4,1311
Feature 1,1594
Feature 5,1594
Feature 28,1594
Feature 4,1594
Feature 9,836
Feature 6,836
Feature 11,836
Feature 4,836
Feature 1,836
Feature 1,1884
Feature 9,1884
Feature 24,1884
Feature 4,1884
Feature 12,1884
Feature 1,1887
Feature 9,1887
Feature 12,1887
Feature 8,1887
Feature 4,1887
Feature 1,461
Feature 93,461
Feature 28,461
Feature 4,461
Feature 94,11
Feature 95,11
Feature 96,11
Feature 1,1236
Feature 12,1236
Feature 26,1236
Feature 62,1236
Feature 4,1236
Feature 1,600
Feature 7,600
Feature 9,600
Feature 28,600
Feature 14,600
Feature 65,1449
Feature 97,1449
Feature 67,1449
Feature 41,1449
Feature 40,1407
Feature 98,1407
Feature 41,1407
Feature 67,1407
Feature 99,868
Feature 100,868
Feature 41,1591
Feature 65,1591
Feature 70,1591
Feature 40,672
Feature 67,672
Feature 41,672
Feature 65,521
Feature 66,521
Feature 67,521
Feature 41,521
Feature 65,563
Feature 66,563
Feature 41,563
Feature 67,563
Feature 41,19
Feature 101,19
Feature 102,19
Feature 99,819
Feature 100,819
Feature 9,710
Feature 12,710
Feature 16,710
Feature 13,710
Feature 4,710
Feature 1,710
Feature 5,1308
Feature 18,1308
Feature 82,1308
Feature 14,1308
Feature 1,1308
Feature 1,2102
Feature 103,2102
Feature 51,2102
Feature 27,2102
Feature 1,2106
Feature 2,2106
Feature 104,2106
Feature 4,2106
Feature 27,2106
Feature 1,2117
Feature 7,2117
Feature 9,2117
Feature 24,2117
Feature 4,2117
Feature 1,2118
Feature 43,2118
Feature 13,2118
Feature 4,2118
Feature 5,2118
Feature 1,2128
Feature 7,2128
Feature 24,2128
Feature 4,2128
Feature 9,2128
Feature 1,2142
Feature 25,2142
Feature 62,2142
Feature 26,2142
Feature 4,2142
Feature 1,2144
Feature 10,2144
Feature 27,2144
Feature 105,2144
Feature 4,2144
Feature 1,2147
Feature 16,2147
Feature 5,2147
Feature 8,2147
Feature 4,2147
Feature 1,2148
Feature 10,2148
Feature 9,2148
Feature 24,2148
Feature 4,2148
Feature 1,2156
Feature 18,2156
Feature 27,2156
Feature 1,2163
Feature 12,2163
Feature 62,2163
Feature 26,2163
Feature 4,2163
Feature 1,2169
Feature 10,2169
Feature 9,2169
Feature 13,2169
Feature 4,2169
Feature 1,2168
Feature 44,2168
Feature 103,2168
Feature 51,2168
Feature 4,2168
Feature 71,2168
Feature 62,2168
Feature 1,2205
Feature 10,2205
Feature 4,2205
Feature 5,2205
Feature 106,2205
Feature 1,2202
Feature 9,2202
Feature 12,2202
Feature 26,2202
Feature 4,2202
Feature 1,2201
Feature 12,2201
Feature 27,2201
Feature 1,2211
Feature 6,2211
Feature 7,2211
Feature 5,2211
Feature 106,2211
Feature 4,2211
Feature 1,2220
Feature 55,2220
Feature 12,2220
Feature 27,2220
Feature 1,2223
Feature 10,2223
Feature 13,2223
Feature 4,2223
Feature 9,2223
Feature 1,2230
Feature 62,2230
Feature 107,2230
Feature 71,2230
Feature 4,2230
Feature 1,2239
Feature 6,2239
Feature 51,2239
Feature 11,2239
Feature 9,2239
Feature 4,2239
Feature 1,2244
Feature 10,2244
Feature 9,2244
Feature 13,2244
Feature 4,2244
Feature 1,2249
Feature 12,2249
Feature 9,2249
Feature 24,2249
Feature 4,2249
Feature 1,2258
Feature 25,2258
Feature 62,2258
Feature 26,2258
Feature 4,2258
Feature 1,2278
Feature 18,2278
Feature 26,2278
Feature 4,2278
Feature 9,2278
Feature 1,2279
Feature 25,2279
Feature 62,2279
Feature 6,2279
Feature 108,2279
Feature 4,2279
Feature 1,2299
Feature 35,2299
Feature 4,2299
Feature 9,2299
Feature 107,2299
Feature 1,1262
Feature 12,1262
Feature 9,1262
Feature 13,1262
Feature 4,1262
Feature 1,1943
Feature 9,1943
Feature 18,1943
Feature 24,1943
Feature 14,1943
Feature 1,2306
Feature 10,2306
Feature 9,2306
Feature 35,2306
Feature 4,2306
Feature 1,2308
Feature 9,2308
Feature 12,2308
Feature 18,2308
Feature 64,2308
Feature 4,2308
Feature 1,2309
Feature 7,2309
Feature 35,2309
Feature 4,2309
Feature 9,2309
Feature 1,2318
Feature 9,2318
Feature 10,2318
Feature 35,2318
Feature 4,2318
Feature 1,2326
Feature 7,2326
Feature 25,2326
Feature 9,2326
Feature 35,2326
Feature 4,2326
Feature 1,2332
Feature 6,2332
Feature 51,2332
Feature 3,2332
Feature 4,2332
Feature 5,2332
Feature 1,2331
Feature 2,2331
Feature 5,2331
Feature 8,2331
Feature 4,2331
Feature 5,939
Feature 12,939
Feature 8,939
Feature 14,939
Feature 1,939
Feature 1,2558
Feature 9,2558
Feature 29,2558
Feature 24,2558
Feature 4,2558
Feature 1,1968
Feature 12,1968
Feature 9,1968
Feature 24,1968
Feature 4,1968
Feature 1,1934
Feature 62,1934
Feature 12,1934
Feature 109,1934
Feature 4,1934
Feature 9,1688
Feature 12,1688
Feature 1,1688
Feature 4,1688
Feature 110,1688
Feature 1,1993
Feature 9,1993
Feature 46,1993
Feature 4,1993
Feature 110,1993
Feature 1,2547
Feature 9,2547
Feature 15,2547
Feature 33,2547
Feature 24,2547
Feature 14,2547
Feature 1,1881
Feature 7,1881
Feature 5,1881
Feature 12,1881
Feature 8,1881
Feature 4,1881
Feature 1,1886
Feature 9,1886
Feature 12,1886
Feature 26,1886
Feature 4,1886
Feature 1,2497
Feature 9,2497
Feature 13,2497
Feature 4,2497
Feature 18,2497
Feature 1,2663
Feature 15,2663
Feature 24,2663
Feature 4,2663
Feature 33,2663
Feature 1,1889
Feature 12,1889
Feature 62,1889
Feature 109,1889
Feature 4,1889
Feature 1,2557
Feature 62,2557
Feature 12,2557
Feature 26,2557
Feature 4,2557
Feature 1,2001
Feature 59,2001
Feature 4,2001
Feature 12,2001
Feature 27,2001
Feature 60,2001
Feature 1,1985
Feature 9,1985
Feature 12,1985
Feature 24,1985
Feature 4,1985
Feature 1,1952
Feature 27,1952
Feature 46,1952
Feature 1,1954
Feature 19,1954
Feature 4,1954
Feature 17,1954
Feature 46,1954
Feature 9,115
Feature 12,115
Feature 71,115
Feature 4,115
Feature 1,115
Feature 1,1963
Feature 27,1963
Feature 107,1963
Feature 1,273
Feature 24,273
Feature 4,273
Feature 9,273
Feature 12,273
Feature 1,332
Feature 28,332
Feature 4,332
Feature 27,332
Feature 1,715
Feature 43,715
Feature 24,715
Feature 4,715
Feature 9,715
Feature 1,2476
Feature 5,2476
Feature 12,2476
Feature 8,2476
Feature 4,2476
Feature 1,649
Feature 24,649
Feature 4,649
Feature 9,649
Feature 12,649
Feature 1,524
Feature 6,524
Feature 2,524
Feature 9,524
Feature 28,524
Feature 14,524
Feature 1,1958
Feature 5,1958
Feature 13,1958
Feature 4,1958
Feature 51,1958
Feature 1,339
Feature 27,339
Feature 12,339
Feature 1,1964
Feature 36,1964
Feature 28,1964
Feature 4,1964
Feature 5,1964
Feature 101,2493
Feature 67,2493
Feature 41,2493
Feature 1,2266
Feature 9,2266
Feature 13,2266
Feature 4,2266
Feature 49,2266
Feature 1,2311
Feature 6,2311
Feature 9,2311
Feature 11,2311
Feature 4,2311
Feature 5,991
Feature 21,991
Feature 28,991
Feature 4,991
Feature 1,991
Feature 84,2529
Feature 67,2529
Feature 41,2529
Feature 1,2219
Feature 48,2219
Feature 11,2219
Feature 4,2219
Feature 9,2219
Feature 1,2327
Feature 48,2327
Feature 5,2327
Feature 3,2327
Feature 4,2327
Feature 1,2325
Feature 18,2325
Feature 52,2325
Feature 14,2325
Feature 62,2325
Feature 1,2152
Feature 9,2152
Feature 72,2152
Feature 24,2152
Feature 4,2152
Feature 1,2221
Feature 48,2221
Feature 9,2221
Feature 13,2221
Feature 4,2221
Feature 1,2210
Feature 44,2210
Feature 18,2210
Feature 27,2210
Feature 91,2210
Feature 4,2210
Feature 1,2277
Feature 10,2277
Feature 9,2277
Feature 13,2277
Feature 4,2277
Feature 1,2141
Feature 9,2141
Feature 33,2141
Feature 7,2141
Feature 24,2141
Feature 4,2141
Feature 1,2146
Feature 33,2146
Feature 7,2146
Feature 9,2146
Feature 24,2146
Feature 4,2146
Feature 1,2138
Feature 48,2138
Feature 27,2138
Feature 41,2287
Feature 102,2287
Feature 101,2287
Feature 1,2323
Feature 51,2323
Feature 14,2323
Feature 26,2323
Feature 62,2323
Feature 1,2243
Feature 6,2243
Feature 51,2243
Feature 9,2243
Feature 11,2243
Feature 4,2243
Feature 1,2229
Feature 36,2229
Feature 9,2229
Feature 24,2229
Feature 4,2229
Feature 1,2218
Feature 10,2218
Feature 22,2218
Feature 23,2218
Feature 4,2218
Feature 1,2334
Feature 49,2334
Feature 9,2334
Feature 35,2334
Feature 4,2334
Feature 1,2212
Feature 16,2212
Feature 111,2212
Feature 112,2212
Feature 4,2212
Feature 1,2307
Feature 10,2307
Feature 108,2307
Feature 9,2307
Feature 4,2307
Feature 1,2316
Feature 25,2316
Feature 51,2316
Feature 13,2316
Feature 9,2316
Feature 4,2316
Feature 1,2256
Feature 10,2256
Feature 9,2256
Feature 35,2256
Feature 4,2256
Feature 1,2203
Feature 9,2203
Feature 33,2203
Feature 24,2203
Feature 4,2203
Feature 1,2322
Feature 33,2322
Feature 7,2322
Feature 9,2322
Feature 35,2322
Feature 4,2322
Feature 1,2136
Feature 38,2136
Feature 9,2136
Feature 24,2136
Feature 4,2136
Feature 1,2314
Feature 25,2314
Feature 19,2314
Feature 4,2314
Feature 17,2314
Feature 1,2238
Feature 107,2238
Feature 53,2238
Feature 1,2149
Feature 79,2149
Feature 9,2149
Feature 24,2149
Feature 4,2149
Feature 1,2215
Feature 38,2215
Feature 10,2215
Feature 5,2215
Feature 13,2215
Feature 4,2215
Feature 1,2110
Feature 38,2110
Feature 5,2110
Feature 113,2110
Feature 4,2110
Feature 1,2310
Feature 7,2310
Feature 16,2310
Feature 9,2310
Feature 35,2310
Feature 4,2310
Feature 1,2213
Feature 114,2213
Feature 12,2213
Feature 19,2213
Feature 4,2213
Feature 1,2113
Feature 7,2113
Feature 33,2113
Feature 24,2113
Feature 4,2113
Feature 9,2113
Feature 1,2670
Feature 15,2670
Feature 33,2670
Feature 9,2670
Feature 24,2670
Feature 4,2670
Feature 1,2116
Feature 2,2116
Feature 24,2116
Feature 4,2116
Feature 9,2116
Feature 1,2257
Feature 55,2257
Feature 13,2257
Feature 4,2257
Feature 9,2257
Feature 1,2101
Feature 5,2101
Feature 21,2101
Feature 8,2101
Feature 4,2101
Feature 1,2660
Feature 43,2660
Feature 35,2660
Feature 4,2660
Feature 9,2660
Feature 1,2124
Feature 16,2124
Feature 27,2124
Feature 1,2109
Feature 7,2109
Feature 27,2109
Feature 1,2286
Feature 33,2286
Feature 24,2286
Feature 4,2286
Feature 9,2286
Feature 1,2104
Feature 36,2104
Feature 13,2104
Feature 4,2104
Feature 5,2104
Feature 1,2120
Feature 48,2120
Feature 11,2120
Feature 4,2120
Feature 9,2120
Feature 1,2108
Feature 13,2108
Feature 4,2108
Feature 9,2108
Feature 51,2108
Feature 1,2130
Feature 21,2130
Feature 29,2130
Feature 35,2130
Feature 4,2130
Feature 9,2130
Feature 1,2269
Feature 7,2269
Feature 24,2269
Feature 4,2269
Feature 9,2269
Feature 1,2126
Feature 16,2126
Feature 13,2126
Feature 4,2126
Feature 9,2126
Feature 1,276
Feature 12,276
Feature 71,276
Feature 62,276
Feature 4,276
Feature 1,1712
Feature 9,1712
Feature 28,1712
Feature 1,104
Feature 103,104
Feature 19,104
Feature 17,104
Feature 4,104
Feature 65,2546
Feature 41,2546
Feature 65,2522
Feature 41,2522
Feature 67,2522
Feature 65,2520
Feature 41,2520
Feature 67,2520
Feature 80,2479
Feature 67,2479
Feature 65,2545
Feature 41,2545
Feature 9,429
Feature 24,429
Feature 4,429
Feature 15,429
Feature 33,429
Feature 1,429
Feature 9,790
Feature 3,790
Feature 4,790
Feature 6,790
Feature 57,790
Feature 1,790
Feature 9,1503
Feature 13,1503
Feature 4,1503
Feature 12,1503
Feature 1,1503
Feature 9,473
Feature 15,473
Feature 16,473
Feature 24,473
Feature 14,473
Feature 1,473
Feature 1,229
Feature 13,229
Feature 4,229
Feature 9,229
Feature 2,229
Feature 65,165
Feature 41,165
Feature 66,165
Feature 70,165
Feature 9,315
Feature 13,315
Feature 4,315
Feature 7,315
Feature 61,315
Feature 1,315
Feature 9,433
Feature 13,433
Feature 4,433
Feature 16,433
Feature 1,433
Feature 9,1389
Feature 11,1389
Feature 4,1389
Feature 7,1389
Feature 1,1389
Feature 9,438
Feature 33,438
Feature 15,438
Feature 24,438
Feature 1,438
Feature 14,438
Feature 9,520
Feature 7,520
Feature 49,520
Feature 24,520
Feature 1,520
Feature 14,520
Feature 9,198
Feature 24,198
Feature 14,198
Feature 48,198
Feature 38,198
Feature 1,198
Feature 9,1573
Feature 24,1573
Feature 14,1573
Feature 1,1573
Feature 61,1573
Feature 9,426
Feature 35,426
Feature 4,426
Feature 48,426
Feature 1,426
Feature 27,358
Feature 82,358
Feature 4,358
Feature 7,358
Feature 1,358
Feature 1,795
Feature 61,795
Feature 38,795
Feature 9,795
Feature 71,795
Feature 4,795
Feature 1,973
Feature 9,973
Feature 24,973
Feature 14,973
Feature 7,973
Feature 15,973
Feature 1,2676
Feature 55,2676
Feature 27,2676
Feature 5,474
Feature 3,474
Feature 14,474
Feature 44,474
Feature 1,474
Feature 9,1364
Feature 7,1364
Feature 1,1364
Feature 13,1364
Feature 4,1364
Feature 9,1587
Feature 12,1587
Feature 13,1587
Feature 4,1587
Feature 1,1587
Feature 9,298
Feature 12,298
Feature 13,298
Feature 4,298
Feature 1,298
Feature 62,576
Feature 12,576
Feature 109,576
Feature 4,576
Feature 1,576
Feature 9,693
Feature 12,693
Feature 28,693
Feature 4,693
Feature 1,693
Feature 5,555
Feature 12,555
Feature 8,555
Feature 4,555
Feature 1,555
Feature 9,331
Feature 12,331
Feature 29,331
Feature 26,331
Feature 4,331
Feature 1,331
Feature 5,891
Feature 12,891
Feature 8,891
Feature 4,891
Feature 1,891
Feature 9,959
Feature 2,959
Feature 7,959
Feature 28,959
Feature 14,959
Feature 1,959
Feature 1,620
Feature 12,620
Feature 26,620
Feature 62,620
Feature 4,620
Feature 9,1670
Feature 55,1670
Feature 24,1670
Feature 4,1670
Feature 1,1670
Feature 9,127
Feature 12,127
Feature 24,127
Feature 14,127
Feature 1,127
Feature 62,327
Feature 12,327
Feature 109,327
Feature 4,327
Feature 1,327
Feature 62,821
Feature 12,821
Feature 109,821
Feature 4,821
Feature 1,821
Feature 9,935
Feature 33,935
Feature 64,935
Feature 14,935
Feature 1,935
Feature 9,825
Feature 16,825
Feature 35,825
Feature 14,825
Feature 1,825
Feature 9,822
Feature 16,822
Feature 26,822
Feature 4,822
Feature 1,822
Feature 1,2678
Feature 24,2678
Feature 9,2678
Feature 12,2678
Feature 4,2678
Feature 5,1469
Feature 12,1469
Feature 82,1469
Feature 4,1469
Feature 1,1469
Feature 100,1129
Feature 1,2881
Feature 13,2881
Feature 9,2881
Feature 14,2881
Feature 12,2881
Feature 100,1606
Feature 99,12
Feature 100,12
Feature 70,979
Feature 41,979
Feature 1,2669
Feature 109,2669
Feature 4,2669
Feature 62,2669
Feature 12,2669
Feature 1,2970
Feature 2,2970
Feature 48,2970
Feature 35,2970
Feature 4,2970
Feature 1,2681
Feature 55,2681
Feature 24,2681
Feature 4,2681
Feature 9,2681
Feature 1,2734
Feature 61,2734
Feature 9,2734
Feature 13,2734
Feature 4,2734
Feature 1,490
Feature 12,490
Feature 9,490
Feature 26,490
Feature 4,490
Feature 1,1883
Feature 34,1883
Feature 107,1883
Feature 89,1883
Feature 4,1883
Feature 1,605
Feature 51,605
Feature 25,605
Feature 13,605
Feature 9,605
Feature 4,605
Feature 1,2884
Feature 72,2884
Feature 4,2884
Feature 13,2884
Feature 9,2884
Feature 1,1408
Feature 12,1408
Feature 9,1408
Feature 13,1408
Feature 4,1408
Feature 1,1966
Feature 15,1966
Feature 33,1966
Feature 9,1966
Feature 24,1966
Feature 4,1966
Feature 1,2885
Feature 55,2885
Feature 9,2885
Feature 35,2885
Feature 4,2885
Feature 1,344
Feature 7,344
Feature 9,344
Feature 24,344
Feature 14,344
Feature 1,515
Feature 5,515
Feature 12,515
Feature 58,515
Feature 4,515
Feature 31,364
Feature 32,364
Feature 115,364
Feature 30,364
Feature 1,1522
Feature 9,1522
Feature 28,1522
Feature 14,1522
Feature 7,1522
Feature 31,965
Feature 32,965
Feature 115,965
Feature 30,965
Feature 1,1276
Feature 33,1276
Feature 11,1276
Feature 9,1276
Feature 4,1276
Feature 1,1025
Feature 72,1025
Feature 24,1025
Feature 9,1025
Feature 4,1025
Feature 1,835
Feature 25,835
Feature 6,835
Feature 35,835
Feature 9,835
Feature 4,835
Feature 1,999
Feature 88,999
Feature 24,999
Feature 9,999
Feature 4,999
Feature 1,547
Feature 10,547
Feature 107,547
Feature 19,547
Feature 17,547
Feature 4,547
Feature 1,1018
Feature 16,1018
Feature 11,1018
Feature 62,1018
Feature 4,1018
Feature 1,2100
Feature 10,2100
Feature 27,2100
Feature 104,2100
Feature 4,2100
Feature 60,2100
Feature 40,25
Feature 116,25
Feature 41,25
Feature 67,25
Feature 101,435
Feature 41,435
Feature 67,435
Feature 65,2668
Feature 41,2668
Feature 66,2668
Feature 67,2668
Feature 65,1119
Feature 66,1119
Feature 67,1119
Feature 41,1119
Feature 65,272
Feature 66,272
Feature 67,272
Feature 41,272
Feature 65,2484
Feature 67,2484
Feature 41,2484
Feature 80,14
Feature 67,14
Feature 9,1158
Feature 16,1158
Feature 13,1158
Feature 4,1158
Feature 1,1158
Feature 80,634
Feature 117,634
Feature 81,634
Feature 118,634
Feature 80,967
Feature 67,967
Feature 119,655
Feature 41,655
Feature 67,655
Feature 115,1277
Feature 67,1277
Feature 31,1277
Feature 80,1277
Feature 40,176
Feature 98,176
Feature 41,176
Feature 67,176
Feature 9,1026
Feature 12,1026
Feature 26,1026
Feature 4,1026
Feature 1,1026
Feature 62,1037
Feature 12,1037
Feature 26,1037
Feature 4,1037
Feature 1,1037
Feature 65,168
Feature 41,168
Feature 67,168
Feature 66,168
Feature 1,2958
Feature 16,2958
Feature 18,2958
Feature 60,2958
Feature 4,2958
Feature 87,2958
Feature 1,1689
Feature 9,1689
Feature 13,1689
Feature 10,1689
Feature 4,1689
Feature 9,469
Feature 12,469
Feature 26,469
Feature 4,469
Feature 1,469
Feature 39,1605
Feature 41,1605
Feature 42,1605
Feature 39,1292
Feature 40,1292
Feature 41,1292
Feature 42,1292
Feature 9,575
Feature 13,575
Feature 6,575
Feature 14,575
Feature 1,575
Feature 25,575
Feature 1,1132
Feature 9,1132
Feature 12,1132
Feature 4,1132
Feature 24,1132
Feature 1,1668
Feature 15,1668
Feature 9,1668
Feature 33,1668
Feature 24,1668
Feature 4,1668
Feature 1,2672
Feature 55,2672
Feature 9,2672
Feature 13,2672
Feature 4,2672
Feature 1,2671
Feature 62,2671
Feature 18,2671
Feature 26,2671
Feature 4,2671
Feature 9,1568
Feature 35,1568
Feature 16,1568
Feature 14,1568
Feature 1,1568
Feature 5,89
Feature 12,89
Feature 8,89
Feature 4,89
Feature 1,89
Feature 9,307
Feature 44,307
Feature 24,307
Feature 14,307
Feature 1,307
Feature 99,1657
Feature 100,1657
Feature 102,242
Feature 41,242
Feature 46,242
Feature 70,78
Feature 66,78
Feature 41,78
Feature 70,1316
Feature 66,1316
Feature 41,1316
Feature 1,51
Feature 12,51
Feature 13,51
Feature 4,51
Feature 9,51
Feature 5,1043
Feature 7,1043
Feature 33,1043
Feature 13,1043
Feature 14,1043
Feature 1,1043
Feature 9,130
Feature 10,130
Feature 24,130
Feature 14,130
Feature 1,130
Feature 5,1482
Feature 12,1482
Feature 82,1482
Feature 4,1482
Feature 1,1482
Feature 9,603
Feature 48,603
Feature 24,603
Feature 14,603
Feature 1,603
Feature 9,1555
Feature 7,1555
Feature 13,1555
Feature 14,1555
Feature 1,1555
Feature 9,147
Feature 2,147
Feature 48,147
Feature 13,147
Feature 14,147
Feature 1,147
Feature 9,1063
Feature 12,1063
Feature 13,1063
Feature 4,1063
Feature 1,1063
Feature 9,598
Feature 12,598
Feature 13,598
Feature 4,598
Feature 1,598
Feature 22,1416
Feature 12,1416
Feature 8,1416
Feature 4,1416
Feature 1,1416
Feature 5,320
Feature 12,320
Feature 82,320
Feature 4,320
Feature 1,320
Feature 9,1181
Feature 55,1181
Feature 28,1181
Feature 14,1181
Feature 1,1181
Feature 1,1233
Feature 12,1233
Feature 9,1233
Feature 13,1233
Feature 4,1233
